# Approximation: Bethe-Yang; wrapping corrections omitted; not exact finite-volume levels
# Bethe revision: ef234a9e948bb0dea014b08b18c45f1b62bc056a
# Bethe version: 0.1.0
# Build type: Release
# Circumference L: 1
# Command: build_codex/gtest_clang20_release/bethe-sine-gordon-bethe-yang --mass 1 --p 1 --length 1 --precision fp64 --format csv --csv-table levels=/tmp/bethe-tutorial-kpn4b51y/levels.csv
# Compiler: Clang 20.1.2
# Counting tolerance: 3.637978807091713e-12
# Coupling p: 1
# Date: 2026-09-27T22:02:56Z
# Energy reference: excitation energy above vacuum at Bethe-Yang order
# First Bethe number: 0.5
# Levels: 1
# Platform: Linux x86_64
# Precision: fp64
# Program: bethe-sine-gordon-bethe-yang
# Sector: same-charge pair; total momentum zero; winding charge +/-2
# Soliton mass M: 1
# Topological charge: 2
# Uni20 revision: a25159cc19c97c43ca43754c46fb9bdef8c41bda
# First row: 0
number,charge,rapidity,energy,residual,quadrature_error,tail_bound,iterations,evaluations,phase_status,status
0.5,2,1.8622957433108482,6.5938166189512302,0,0,0,1,0,converged,converged
# CPU time: 0.000002 s
# Elapsed seconds: 0.000148527000007447895769
# Outcome: success
# Run CPU seconds: 0.000148000000000000000079
# Status: converged
